{
    "00060_Mean": [
        -0.827826787764258,
        0.2975041269475061,
        -0.2938939975031269,
        0.4303940206356907
    ],
    "prcp(mm/day)": [
        -1.0,
        0.533597287717274,
        -0.5355190506932442,
        0.6686731458008724
    ],
    "tmean(C)": [
        -3.6750000000000003,
        23.87,
        10.2221462968797,
        10.52043807958656
    ],
    "dayl(s)": [
        33868.8,
        52531.21,
        43193.04163886544,
        7148.769111209943
    ],
    "PET_hargreaves(mm/day)": [
        0.5701286375522614,
        5.579292917251587,
        2.925752069164692,
        1.8791170313237409
    ],
    "ELEV_MEAN_M_BASIN": [
        102.3484,
        2205.89,
        803.1983230417287,
        823.3270813464461
    ],
    "ELEV_STD_M_BASIN": [
        15.13637,
        304.6838,
        128.86439950521608,
        124.16740097245928
    ],
    "SLOPE_PCT": [
        1.036716,
        33.78173,
        14.195492782904621,
        13.27833236043455
    ],
    "DRAIN_SQKM": [
        38.2347,
        1781.611,
        792.6179341907601,
        1700.681675082536
    ],
    "NDAMS_2009": [
        0.0,
        15.0,
        7.265275707898659,
        29.737118989377006
    ],
    "MAJ_NDAMS_2009": [
        0.0,
        1.0,
        0.36065573770491804,
        1.2784592251129165
    ],
    "FRAGUN_BASIN": [
        2.798109999999994,
        80.5277,
        30.65033751818182,
        28.450938635102375
    ],
    "FORESTNLCD06": [
        4.798727959000001,
        89.32826299999999,
        53.300248641335465,
        30.10078486789398
    ],
    "AWCAVE": [
        0.08667455,
        0.1679688,
        0.12674927982116246,
        0.030853967673057377
    ],
    "PERMAVE": [
        0.9,
        6.520257,
        3.0732659964232485,
        2.421980850812885
    ],
    "BDAVE": [
        1.2031605,
        1.502042,
        1.3811367894932935,
        0.13145509376104728
    ],
    "ROCKDEPAVE": [
        35.86616,
        60.0,
        49.28333616989568,
        10.153305365392889
    ],
    "CLAYAVE": [
        8.188359,
        36.62922,
        22.35063924590164,
        9.927343587819731
    ],
    "SILTAVE": [
        26.96534,
        55.53429,
        42.040608101341284,
        11.936756225490946
    ],
    "SANDAVE": [
        14.98382,
        58.17318,
        35.60875294634874,
        17.25077431348773
    ],
    "HGA": [
        0.0,
        18.44505,
        5.365611528242608,
        9.789114662247592
    ],
    "HGB": [
        3.773945,
        78.45395,
        39.729230919921015,
        26.99658278237101
    ],
    "HGC": [
        4.154739,
        61.39499,
        30.686252544994037,
        21.9446394493239
    ],
    "HGVAR": [
        0.0,
        0.0,
        0.001119225618479881,
        0.022589685768780295
    ],
    "HGD": [
        0.8496608,
        47.59515,
        18.757259131653054,
        20.011439077903766
    ],
    "PPTAVG_BASIN": [
        60.06097,
        168.0486,
        117.90031575260804,
        56.156668679032336
    ],
    "SNOW_PCT_PRECIP": [
        0.0,
        54.40195,
        20.427590140350222,
        18.89936754725193
    ],
    "PRECIP_SEAS_IND": [
        0.0470501163647857,
        0.42642349437236,
        0.2015873080121369,
        0.16100198444220035
    ],
    "T_AVG_BASIN": [
        3.996655,
        18.04232,
        10.330466618087929,
        5.201628784530387
    ],
    "T_MAX_BASIN": [
        9.994846,
        25.04331,
        16.626379523099853,
        5.559359353015217
    ],
    "T_MAXSTD_BASIN": [
        0.08085214,
        1.938081,
        0.788860686,
        0.7771047065410839
    ],
    "RH_BASIN": [
        55.06725,
        72.53985,
        65.8739569299553,
        7.395815046561123
    ],
    "GEOL_REEDBUSH_DOM_PCT": [
        66.33209,
        100.0,
        93.40247222056631,
        14.173200921052247
    ],
    "GEOL_REEDBUSH_DOM": [
        0.0,
        5.0,
        0.910581222056632,
        1.7006332095568657
    ],
    "HIRES_LENTIC_PCT": [
        0.0127106,
        1.195295,
        0.4962102610462892,
        0.9656396728415317
    ],
    "PERDUN": [
        0.0,
        5.006836,
        2.442479724046647,
        1.8955870963779926
    ],
    "PERHOR": [
        0.08700289,
        15.9934,
        -8.825630674809235,
        386.02908301003066
    ],
    "RIP100_FOREST": [
        9.502059,
        88.31741500000001,
        52.93566187405365,
        28.555662075013217
    ]
}